Feature,Importance
bb_lower,0.54164314
atr,0.07766719
close,0.0646226
high,0.060001615
bb_upper,0.04659155
low,0.04235992
bb_mid,0.030327437
ema_20,0.02806679
volatility_index,0.024171317
open,0.018057717
ema_50,0.013394101
volume,0.008824445
macd,0.006819927
macd_signal,0.0067371763
liquidity_zone_pos,0.006717749
rsi,0.0063953833
macd_hist,0.006186366
trend_strength,0.0057916185
volume_spike,0.0056239218
